{
  "feature_month": "202508",
  "forecast_for_month": "202509",
  "horizon_months": 1,
  "predictions": {
    "ALLSKY_SFC_PAR_TOT": 1.1993081247352084,
    "ALLSKY_SFC_SW_DIFF": 1.5070254590915269,
    "ALLSKY_SFC_SW_DWN": 3.7492722985007636,
    "CLOUD_AMT": 57.95776283852856,
    "CLRSKY_SFC_SW_DWN": 3.386898492497887,
    "GWETROOT": 0.4550357586371407,
    "GWETTOP": 0.386630670924108,
    "PRECTOTCORR": 0.821466094741568,
    "PS": 97.88083300529719,
    "QV2M": 6.554621906151952,
    "RH2M": 51.48273807678424,
    "T2M": 20.41386132326641,
    "T2MDEW": 6.590985025099608,
    "T2MWET": 14.718834576525705,
    "T2M_MAX": 27.34314368632494,
    "T2M_MIN": 9.751426521030767,
    "TOA_SW_DWN": 3.9066853564584463,
    "TS": 23.402243229053838,
    "WD10M": 165.42665492393894,
    "WD2M": 151.05368422220414,
    "WS10M": 5.045190038425363,
    "WS10M_MAX": 11.999972453931877,
    "WS10M_MIN": 0.6073868129928394,
    "WS2M": 3.192840178470357,
    "WS2M_MAX": 8.892657450048373,
    "WS2M_MIN": 0.3958858743479046
  }
}